{"cameraMode":{"drawMode":0,"name":"Shaded","section":"Shading Mode"},"sceneLighting":true,"audioPlay":false,"sceneViewState":{"showFog":false,"showMaterialUpdate":false,"showSkybox":true,"showFlares":false,"showImageEffects":false,"showParticleSystems":false},"in2DMode":false,"pivot":{"x":8.349003791809082,"y":3.761348247528076,"z":-13.277729034423829},"rotation":{"x":0.15183566510677339,"y":-0.28186821937561037,"z":0.045227162539958957,"w":0.946284294128418},"size":7.302248954772949,"orthographic":false}